Geocoordinates,ZipCode,Neighborhood
"40.76370739,-73.9851615",10019,Theater District
"40.750181563256824,-74.00218427181244",10001,Chelsea
"40.71745169,-73.95850939",11249,Williamsburg
"40.68841742754083,-73.98451656103134",11201,Boerum Hill
"40.749717753,-74.002950346",10001,Chelsea
"40.68926942,-73.98912867",11201,Boerum Hill
"40.726280700000004,-73.98978041",10003,Bowery
"40.73401143,-74.00293877",10014,West Village
"40.7190095,-73.95852515",11249,Williamsburg
"40.8038654,-73.95593079999999",10026,South Harlem
"40.68962188790333,-73.98304268717766",11201,Downtown Brooklyn
"40.74901271,-73.98848395",10001,Midtown South
"40.68841,-73.979458",11201,Fort Greene
"40.73047309,-73.98672378",10003,Ukrainian Village
"40.7489006,-73.97604882",10016,Murray Hill
"40.7361967,-74.00859207",10014,West Village
"40.716380319735606,-73.94821286201476",11211,Williamsburg
"40.6802133,-73.98432695",11217,Gowanus
"40.674012299999994,-73.9671457",11238,Prospect Heights
"40.74322681432173,-73.97449783980845",10016,Kips Bay
"40.73652889,-74.00618026",10014,West Village
"40.7937704,-73.971888",10025,Upper West Side
"40.75660359,-73.9979009",10018,Hell's Kitchen
"40.71285887,-73.96590294",11249,South Williamsburg
"40.72036775298455,-73.96165072917937",11249,Williamsburg
"40.74780373,-73.97344190000001",10016,Murray Hill
"40.749156,-73.9916",10001,Midtown South
"40.75640548,-73.9900262",10018,Theater District
"40.74394314,-73.97966069",10016,Kips Bay
"40.73624527,-73.98473765",10003,Gramercy Park
"40.73454567,-73.99074142",10003,Lower Manhattan
"40.7462009,-73.98855723",10001,NoMad
"40.788129999999995,-73.95206",10029,East Harlem
"40.72494672359416,-74.00165855884552",10012,SoHo
"40.7454973,-74.00197139",10011,Chelsea
"40.71427487,-73.98990025",10002,Lower East Side
"40.74290902,-73.97706058",10016,Kips Bay
"40.73224119,-74.00026394",10011,Greenwich Village
"40.74252,-73.948852",11101,Hunters Point
"40.6794268,-73.92989109999999",11233,Bedford-Stuyvesant
"40.730259999999994,-73.95394",11222,Greenpoint
"40.741459000000006,-73.983293",10010,Rose Hill
"40.73221853,-73.98165557",10009,Stuyvesant Town-Peter Cooper Village
"40.70255088,-73.98940236",11201,Dumbo
"40.71534825,-73.96024116",11211,Williamsburg
"40.72779126,-73.98564945",10003,Ukrainian Village
"40.68216564,-73.95399026",11216,Bedford-Stuyvesant
"40.7867947,-73.977112",10024,Upper West Side
"40.73587678,-73.98205027",10003,Gramercy Park
"40.751551,-73.993934",10001,Midtown South
"40.717571,-74.005549",10013,Tribeca
"40.73047747,-73.99906065",10012,South Village
"40.77477944895728,-73.95427465438844",10028,Yorkville
"40.8107922,-73.9430681",10037,Central Harlem
"40.7390169121,-74.0026376103",10011,West Village
"40.71939226,-74.00247214",10013,Canal Street
"40.715143,-73.944507",11211,Williamsburg
"40.77492513,-73.98266566",10023,Lincoln Square
"40.666207799999995,-73.98199886",11215,Park Slope
"40.68323865460341,-73.96599590778352",11238,Clinton Hill
"40.75651272984955,-73.92957486212252",11106,Dutch Kills
"40.7505853470215,-73.9946848154068",10199,Midtown South
"40.74765947,-73.98490707",10016,Midtown South
"40.72430832160217,-74.00473035871983",10013,Hudson Square
"40.70281858,-73.98765762",11201,Dumbo
"40.75019995,-73.99093085",10001,Midtown South
"40.797372100000004,-73.97041192",10025,Bloomingdale
"40.74524768,-73.94733276",11101,Hunters Point
"40.693261,-73.968896",11205,Clinton Hill
"40.69196566,-73.9813018",11201,Downtown Brooklyn
"40.705614000000004,-73.92153",11237,Bushwick
"40.68506807308177,-73.97790759801863",11217,Fort Greene
"40.797911,-73.9423",10029,East Harlem
"40.69760127,-73.99344559",11201,Brooklyn Heights
"40.70924826276157,-73.96063148975372",11211,Southside
"40.695065,-73.987167",11201,Downtown Brooklyn
"40.715815500000005,-73.99422366",10002,Chinatown
"40.77314236,-73.95856158",10075,Upper East Side
"40.73781509,-73.99994661",10011,West Village
"40.7659,-73.930819",11106,Astoria
"40.71273266,-74.0046073",10007,Civic Center
"40.76312584,-73.96526895",10065,Lenox Hill
"40.73944820130404,-74.00507032871245",10014,West Village
"40.758996559605116,-73.96865397691727",10022,Midtown East
"40.7770575,-73.97898475",10023,Lincoln Square
"40.73912601,-73.97973776",10010,Kips Bay
"40.7728384,-73.94989233",10028,Yorkville
"40.73935542,-73.99931783",10011,Chelsea
"40.72743423,-73.99379025",10012,NoHo
"40.71307916,-73.99851193",10038,Civic Center
"40.71605866,-73.99190759",10002,Chinatown
"40.71625008,-74.0091059",10013,Tribeca
"40.729514962249496,-73.99075269699097",10003,East Village
"40.68312489,-73.97895137",11217,Park Slope
"40.72906,-73.95779",11222,Greenpoint
"40.72217444,-73.98368779",10009,Alphabet City
"40.73726186,-73.99238967",10003,Union Square
"40.73223272,-73.98889957",10003,East Village
"40.71494807,-74.00234482",10007,Civic Center
"40.73331967,-73.99510132",10003,Greenwich Village
"40.72917025,-73.99810231",10012,South Village
"40.680944723477296,-73.97567331790923",11217,Park Slope
"40.72066442,-73.98517977",10002,Lower East Side
"40.79017948095081,-73.97288918495178",10024,Upper West Side
"40.77140426,-73.9535166",10075,Upper East Side
"40.72229346,-73.99147535",10002,Bowery
"40.724055,-73.955736",11222,Greenpoint
"40.67927879999999,-73.98154004",11217,Park Slope
"40.74469738,-73.93540375",11101,Long Island City
"40.73555,-73.95284000000001",11222,Greenpoint
"40.759125,-73.96265799999999",10022,Sutton Place
"40.794987899999995,-73.9333349",10029,East Harlem
"40.727464206923926,-73.97950418293476",10009,Alphabet City
"40.72110063,-73.99192540000001",10002,Bowery
"40.780577990103346,-73.98562431335448",10023,Upper West Side
"40.74311555376486,-73.98215353488922",10016,Rose Hill
"40.7284186,-73.98713956",10003,Ukrainian Village
"40.7859201,-73.94860294",10029,East Harlem
"40.76991760000001,-73.91840570000001",11102,Astoria
"40.8013066,-73.93981670000001",10035,East Harlem
"40.74395411,-73.99144871",10010,Flatiron District
"40.71893904,-73.99266288",10002,Bowery
"40.7239567849954,-73.94984364509583",11222,Greenpoint
"40.756933200000006,-73.92622309999999",11106,Astoria
"40.74444921,-73.98303529",10016,Rose Hill
"40.75968085,-73.97031366",10022,Midtown East
"40.76584941,-73.98690506",10019,Hell's Kitchen
"40.68415748,-73.96922273",11238,Fort Greene
"40.7016657,-73.9437303",11206,Broadway Triangle
"40.739323,-74.008119",10014,West Village
"40.796153499999996,-73.94782145",10029,East Harlem
"40.73704984,-73.99009296",10003,Union Square
"40.72307749068673,-73.98583620786667",10009,Ukrainian Village
"40.787801,-73.953559",10029,East Harlem
"40.740343200000005,-73.98955109",10010,Flatiron District
"40.728846000000004,-74.00859100000001",10014,Hudson Square
"40.76471851944339,-73.96222069859505",10065,Lenox Hill
"40.7667405590595,-73.9790689945221",10019,Midtown Manhattan
"40.73143724085228,-73.99490341544151",10003,Greenwich Village
"40.69128258,-73.9452416",11221,Bedford-Stuyvesant
"40.735367055605394,-73.98797392845155",10003,Union Square
"40.78172120000001,-73.94594000000001",10128,Yorkville
"40.746646999999996,-73.993915",10001,Chelsea
"40.71602118,-73.99974372",10013,Chinatown
"40.76227205,-73.98788205",10019,Hell's Kitchen
"40.764397100000004,-73.97371465",10019,Midtown Manhattan
"40.72706363348306,-73.99662137031554",10012,Greenwich Village
"40.7671863,-73.9373554",11106,Astoria
"40.71559509,-73.9870295",10002,Lower East Side
"40.71413089,-73.99704679999999",10002,Chinatown
"40.709340000000005,-73.95608",11211,Southside
"40.75038009,-73.98338988",10018,Midtown South
"40.68382604,-73.97632328",11217,Fort Greene
"40.710451,-73.960876",11211,South Williamsburg
"40.686744299999994,-73.99063168",11201,Boerum Hill
"40.736502,-73.97809472",10010,Peter Cooper Village
"40.72019521437465,-74.0103006362915",10013,Tribeca
"40.6851443,-73.95380904",11216,Bedford-Stuyvesant
"40.71286844,-73.95698119",11211,Williamsburg
"40.742753828659026,-74.00747358798982",10011,Chelsea
"40.768254,-73.988639",10019,Hell's Kitchen
"40.76030096,-73.99884222",10036,Hell's Kitchen
"40.771496710544405,-73.99046033620834",10019,Lincoln Square
"40.74475148,-73.99915362",10011,Chelsea
"40.72521311,-73.97768752",10009,Alphabet City
"40.711512,-74.01575600000001",10006,Battery Park City
"40.70684203101325,-73.9544353965357",11211,South Williamsburg
"40.70538,-73.92535",11237,Bushwick
"40.668132,-73.97363831",11215,Park Slope
"40.71146364,-74.00552427",10038,Financial District
"40.8021174,-73.9681805305",10025,Bloomingdale
"40.75929124,-73.98859651",10036,Hell's Kitchen
"40.75898481399634,-73.99379968643187",10036,Hell's Kitchen
"40.70411791,-73.94818595",11206,Broadway Triangle
"40.69089272,-73.99612349",11201,Brooklyn Heights
"40.689888,-73.981013",11201,Fort Greene
"40.73172428,-74.00674436",10014,West Village
"40.72079821,-73.95484712",11222,Williamsburg
"40.73038599,-74.00214988",10014,South Village
"40.73020660529954,-73.99102628231049",10003,Lower Manhattan
"40.7839636,-73.94716729999999",10128,Yorkville
"40.74734825,-73.99723551",10001,Chelsea
"40.757186,-73.93271899999999",11101,Dutch Kills
"40.76309387270797,-73.97835016250609",10105,Midtown West
"40.77515953434235,-73.98918695747851",10023,Lincoln Square
"40.6767,-73.969024",11238,Prospect Heights
"40.72210378668603,-73.99724900722505",10012,Nolita
"40.73291553,-74.00711384",10014,West Village
"40.78524672,-73.97667321",10024,Upper West Side
"40.7892529,-73.93956237",10029,East Harlem
"40.8109494,-73.9634",10115,Morningside Heights
"40.76019252,-73.9912551",10036,Midtown South
"40.73381219196632,-73.9805442094803",10009,Stuyvesant Town-Peter Cooper Village
"40.76440023,-73.96648977",10065,Lenox Hill
"40.73226398,-73.99852205",10011,Greenwich Village
"40.808442,-73.94520870000001",10027,Central Harlem
"40.7451677,-73.98683077",10016,NoMad
"40.72710258,-74.00297088",10014,SoHo
"40.75466591,-73.99138152",10018,Garment District
"40.7734066,-73.97782542",10023,Central Park West Historic District
"40.71850211,-73.98329859",10002,Lower East Side
"40.7172274,-73.98802084",10002,Lower East Side
"40.71870987,-74.0090009",10013,Tribeca
"40.792255299999994,-73.95249933",10029,East Harlem
"40.76228826,-73.98336183",10019,Theater District
"40.72248188638219,-73.95921930670737",11249,Williamsburg
"40.789210499999996,-73.94370784",10029,East Harlem
"40.77896784,-73.97374737",10023,Central Park West Historic District
"40.7423737,-73.9566",11101,Hunters Point
"40.720746999999996,-73.986274",10002,Lower East Side
"40.74102150900266,-74.001384973526",10011,Chelsea
"40.735238,-74.000271",10011,West Village
"40.71485150526252,-74.01122331619263",10007,Tribeca
"40.68900443,-73.96023854",11205,Clinton Hill
"40.76360467795863,-73.98917958140373",10019,Hell's Kitchen
"40.714215,-73.981346",10002,Lower East Side
"40.751872999999996,-73.97770600000001",10168,Murray Hill
"40.74238787,-73.99726235",10011,Chelsea
"40.73535398,-74.00483091",10014,West Village
"40.75892386377695,-73.96226227283478",10022,Sutton Place
"40.74487634,-73.99529885",10011,Chelsea
"40.676368,-73.95291800000001",11216,Crown Heights
"40.70905623,-74.01043382",10005,Financial District
"40.76068327096592,-73.98452728986742",10019,Theater District
"40.791270000000004,-73.964839",10025,Central Park West Historic District
"40.7568001,-73.98291153",10036,Midtown South
"40.74691959,-74.00451887",10011,Chelsea
"40.700469,-73.991454",11201,Brooklyn Heights
"40.72019576,-73.98997825",10002,Lower East Side
"40.668662700000006,-73.97988067",11215,Park Slope
"40.69512845,-73.99595065",11201,Brooklyn Heights
"40.70355377,-74.00670227",10005,Financial District
"40.68981035,-73.97493121",11201,Fort Greene
"40.72317958,-73.99480012",10012,Nolita
"40.6794388,-73.96804379999999",11238,Prospect Heights
"40.7531106,-73.9279917",11101,Dutch Kills
"40.747573958954796,-73.97880077362059",10016,Murray Hill
"40.75594159,-74.0021163",10001,Hudson Yards
"40.72453734,-73.98185424",10009,Alphabet City
"40.7747878,-73.91255509999999",11105,Ditmars Steinway
"40.72405549,-74.00965965",10013,Tribeca
"40.71754834,-74.01322069",10282,Battery Park City
"40.70767788,-73.94016171",11206,Southside
"40.682368700000005,-73.944118",11216,Bedford-Stuyvesant
"40.75186951421875,-73.93349289894103",11101,Dutch Kills
"40.75756989999999,-73.99098507",10036,Garment District
"40.72621788,-73.98379855",10009,Ukrainian Village
"40.70029511,-73.95032283",11206,South Williamsburg
"40.69196035,-73.96536851",11205,Clinton Hill
"40.74937024193277,-73.99923384189607",10001,Chelsea
"40.779668090073116,-73.98093044757842",10023,Upper West Side
"40.79904139288298,-73.96649479866028",10025,Manhattan Valley
"40.76669671,-73.99061728",10019,Hell's Kitchen
"40.7806284,-73.9521667",10128,Yorkville
"40.75323098,-73.97032517",10017,Midtown East
"40.74731,-73.95451",11101,Hunters Point
"40.735445,-73.99431",10011,Greenwich Village
"40.74173969,-73.99415556",10011,Chelsea
"40.7633589,-73.92864709999999",11106,Astoria
"40.694546087246025,-73.95801365375519",11205,Bedford-Stuyvesant
"40.799139000000004,-73.9389152",10035,East Harlem
"40.686203000000006,-73.944694",11216,Bedford-Stuyvesant
"40.78245417527987,-73.94891962409021",10128,Yorkville
"40.75001986,-73.96905301",10017,Midtown East
"40.678724200000005,-73.99599099",11231,Carroll Gardens
"40.69237074,-73.93705428",11221,Bedford-Stuyvesant
"40.718821999999996,-73.99596",10013,Chinatown
"40.68753406,-73.97265183",11205,Fort Greene
"40.72740794,-73.98142006",10009,Alphabet City
"40.77112927,-73.95772297",10021,Lenox Hill
"40.71167351,-73.95141312",11211,Williamsburg
"40.75022392,-73.97121414",10017,Tudor City
"40.70955958,-74.00653609",10038,Financial District
"40.75325964,-73.94335788",11101,Queensbridge Houses
"40.766368,-73.971518",10019,Lenox Hill
"40.69239502,-73.99337909",11201,Brooklyn Heights
"40.75255434,-73.97282625",10017,Midtown East
"40.6763947,-73.99869893",11231,Carroll Gardens
"40.8045555,-73.93968609999999",10035,East Harlem
"40.675020700000005,-73.97111473",11238,Park Slope
"40.68851534,-73.9647628",11205,Clinton Hill
"40.7668,-73.93477740000002",11106,Astoria
"40.76095756,-73.96724467",10155,Midtown East
"40.72368361,-73.97574813",10009,East Village
"40.75513557,-73.98658032",10036,Theater District
"40.8082,-73.9641",10027,Morningside Heights
"40.76727216,-73.99392888",10019,Hell's Kitchen
"40.672815500000006,-73.98352355",11215,Park Slope
"40.711863,-73.944024",11211,Williamsburg
"40.76500525,-73.95818491",10065,Lenox Hill
"40.7435337324616,-74.00367558002472",10011,Chelsea
"40.77748046,-73.98288594",10023,Lincoln Square
"40.809725,-73.953149",10027,South Harlem
"40.73971301,-73.99456405",10011,Midtown Manhattan
"40.6809833854,-73.9500479759",11216,Bedford-Stuyvesant
"40.72708584,-73.95299117",11222,Greenpoint
"40.70583339,-73.94644578",11206,Southside
"40.7835016,-73.955327",10128,Carnegie Hill
"40.72502876,-73.99069656",10003,Bowery
"40.763025942805186,-73.97209525108337",10022,Midtown East
"40.77862688,-73.95772073",10028,Upper East Side
"40.72082834,-73.97793172",10009,East Village
"40.7047177,-74.00926027",10004,Financial District
"40.778301,-73.9488134",10128,Yorkville
"40.73314259,-73.97573881",10009,Stuyvesant Town-Peter Cooper Village
"40.77579376683666,-73.97620573639871",10023,Central Park West Historic District
"40.6685455,-73.99333264",11215,Gowanus
"40.761227399999996,-73.96094022",10065,Lenox Hill
"40.70538077,-73.94976519",11206,Southside
"40.6691783,-73.9554162",11225,Crown Heights
"40.784596798848916,-73.94968539476396",10128,Yorkville
"40.72228087,-73.97668709",10009,East Village
"40.74144387,-73.97536082",10016,Kips Bay
"40.722055,-73.989111",10002,Lower East Side
"40.754691750226016,-73.9974018931389",10001,Hell's Kitchen
"40.72243797,-74.00566443",10013,Hudson Square
"40.781122299341654,-73.94965589046478",10128,Yorkville
"40.7671,-73.9169858",11103,Astoria
"40.69681963,-73.93756926",11206,Bedford-Stuyvesant
"40.7614376,-73.9411265",11106,Dutch Kills
"40.677027,-73.9865",11215,Gowanus
"40.763154819103725,-73.93985509872438",11106,Astoria
"40.76274420000001,-73.9391141",11106,Astoria
"40.701907,-74.013942",10004,Financial District
"40.6686273,-73.98700053",11215,Park Slope
"40.76269882,-73.99301222",10036,Hell's Kitchen
"40.8114323,-73.95187759999999",10027,West Harlem
"40.76129389728909,-73.916916847229",11103,Astoria
"40.774645,-73.92370600000001",11102,Astoria
"40.698617,-73.941342",11206,Bedford-Stuyvesant
"40.69531727766904,-73.99015724658966",11201,Downtown Brooklyn
"40.7687620293096,-73.95840793848038",10021,Lenox Hill
"40.7869946,-73.94164802",10029,East Harlem
"40.68097410000001,-73.97100970000001",11238,Prospect Heights
"40.679043,-74.011169",11231,Red Hook
"40.69580705,-73.97355569",11205,Fort Greene
"40.6859296,-74.00242364",11201,Columbia Street Waterfront District
"40.71335226222875,-73.9491033554077",11211,Williamsburg
"40.7381765,-73.97738662",10016,Kips Bay
"40.73532427,-73.99800419",10011,Greenwich Village
"40.771393700000004,-73.9077436",11105,Ditmars Steinway
"40.774591,-73.918544",11105,Ditmars Steinway
"40.72903917,-73.99404649",10003,Greenwich Village
"40.69539817,-73.94954908",11206,Bedford-Stuyvesant
"40.70122128,-74.01234218",10004,Financial District
"40.8143256,-73.9590255",10027,Morningside Heights
"40.74286877312112,-73.98918628692627",10010,Flatiron District
"40.74345335,-74.00004031",10011,Chelsea
"40.7596276,-73.93214549999999",11106,Astoria
"40.71269042,-73.98776323",10002,Two Bridges
"40.672168299999996,-73.9609",11238,Crown Heights
"40.78472675,-73.96961715",10024,Central Park West Historic District
"40.804038,-73.945925",10035,Marcus Garvey
"40.7801839724239,-73.97728532552719",10023,Upper West Side
"40.69221589,-73.9842844",11201,Downtown Brooklyn
"40.7923272,-73.9383",10029,East Harlem
"40.680342423,-73.9557689392",11238,Bedford-Stuyvesant
"40.7449067,-73.9534573",11101,Hunters Point
"40.805726,-73.936322",10035,East Harlem
"40.73804614248277,-73.99642959237099",10011,Chelsea
"40.72299208,-73.97995466",10009,Alphabet City
"40.686444200000004,-73.98759104",11217,Boerum Hill
"40.71739973,-73.98016555",10002,Lower East Side
"40.759107,-73.959223",10022,Lenox Hill
"40.76408932350689,-73.9106512069702",11103,Astoria
"40.796879,-73.93726099999999",10035,East Harlem
"40.7689738,-73.95482273",10021,Lenox Hill
"40.77118287540658,-73.96409422159195",10021,Lenox Hill
"40.71622644,-73.98261206",10002,Lower East Side
"40.76915505,-73.98191841",10023,Lincoln Square
"40.70717936,-74.00887308",10005,Financial District
"40.801694,-73.957145",10026,South Harlem
"40.68650065,-73.96563307",11238,Clinton Hill
"40.69991755,-73.98971773",11201,Downtown Brooklyn
"40.756014,-73.967416",10022,Midtown East
"40.745712100000006,-73.98194829",10016,Midtown South
"40.6829151,-73.99318208",11231,Carroll Gardens
"40.78275,-73.97137",10024,Central Park West Historic District
"40.69308257,-73.97178913",11205,Fort Greene
"40.77573034,-73.9567526",10028,Upper East Side
"40.70831794366396,-74.0050408244133",10038,Financial District
"40.69610226,-73.96751037",11205,Clinton Hill
"40.78307,-73.95939",10128,Upper East Side
"40.71044554,-73.96525063",11249,Southside
"40.74334935,-74.00681753",10011,Chelsea
"40.79329668,-73.9432083",10029,East Harlem
"40.72179134,-73.95041540000001",11222,Williamsburg
"40.790305100000005,-73.94755757",10029,East Harlem
"40.743,-73.93561",11101,Long Island City
"40.776165,-73.9153175",11105,Ditmars Steinway
"40.69474881,-73.98362464",11201,Downtown Brooklyn
"40.68763155,-74.0016256",11201,Columbia Street Waterfront District
"40.76344058,-73.98268129",10019,Midtown West
"40.6729679,-73.97087984",11238,Park Slope
"40.68764484,-73.96968902",11238,Fort Greene
"40.713126,-73.984844",10002,Lower East Side
"40.791976,-73.945993",10029,East Harlem
"40.66514681533792,-73.97637605667114",11215,Park Slope
"40.7724607,-73.9468208",10028,Yorkville
"40.68940747,-73.96885458",11205,Clinton Hill
"40.69327018,-73.97703874",11201,Fort Greene
"40.724812564400175,-73.94752621650694",11222,Greenpoint
"40.7989445,-73.944846",10029,East Harlem
"40.78145,-73.9183302",11105,Ditmars Steinway
"40.6751622,-73.9814832",11215,Park Slope
"40.744219,-73.97121214",10016,Midtown Manhattan
"40.7941654,-73.974124",10025,Upper West Side
"40.69236178,-73.98631746",11201,Downtown Brooklyn
"40.75510267,-73.97498696",10167,Midtown East
"40.7787185,-73.9145645",11105,Ditmars Steinway
"40.7785669,-73.97754961",10023,Upper West Side
"40.72606,-73.95621",11222,Greenpoint
"40.80295,-73.942954",10035,Marcus Garvey
"40.770845,-73.93417099999999",11102,Astoria
"40.7727966,-73.95577801",10075,Upper East Side
"40.71291224,-74.01020234",10007,Tribeca
"40.762813799999996,-73.9342862",11106,Astoria
"40.69331716,-73.95381995",11205,Bedford-Stuyvesant
"40.76009437,-73.99461843",10036,Hell's Kitchen
"40.71247661,-73.94100005",11211,Williamsburg
"40.74854862,-73.98808416",10001,Koreatown
"40.72953837,-73.98426726",10003,Ukrainian Village
"40.6814598,-73.934903",11216,Stuyvesant Heights
"40.69425403,-73.94626915",11206,Bedford-Stuyvesant
"40.739445,-73.97680600000001",10016,Kips Bay
"40.734232,-73.986923",10003,Gramercy Park
"40.770513,-73.988038",10019,Lincoln Square
"40.72966729392978,-73.98067966103555",10009,Alphabet City
"40.76663814,-73.95348296",10021,Lenox Hill
"40.6740886,-73.9787282",11215,Park Slope
"40.707873,-74.00166999999999",10038,Seaport
"40.725570000000005,-73.94434",11222,Greenpoint
"40.7160751,-73.95202900000001",11211,Williamsburg
"40.802692,-73.96295",10025,Morningside Heights
"40.768692,-73.9249574",11102,Astoria
"40.78414472,-73.98362492",10024,Upper West Side
"40.7767,-73.927631",11102,Ditmars Steinway
"40.715337899999994,-74.01658354",10282,Battery Park City
"40.72362738,-73.99949601",10012,SoHo
"40.7580583,-73.92427509999999",11106,Astoria
"40.7781314,-73.96069399",10028,Upper East Side
"40.7829391,-73.9786517",10024,Upper West Side
"40.75797322,-73.96603308",10022,Midtown East
"40.77536905,-73.94803392",10028,Yorkville
"40.711065999999995,-74.009447",10007,Financial District
"40.777455200000006,-73.9225403",11102,Ditmars Steinway
"40.797470000000004,-73.93504",10035,East Harlem
"40.730563000000004,-73.973984",10009,Midtown Manhattan
"40.809495347779475,-73.94776493310928",10027,Central Harlem
"40.720873600000004,-73.98085795",10009,Alphabet City
"40.71910537,-73.99973337",10013,Little Italy
"40.71450451,-74.00562789",10007,Civic Center
"40.7701477,-73.9120938",11105,Ditmars Steinway
"40.7919557,-73.968087",10025,Upper West Side
"40.754876,-73.934326",11101,Dutch Kills
"40.70862144,-74.00722156",10038,Financial District
"40.74436328706688,-73.95587325096129",11101,Hunters Point
"40.773763,-73.96222088",10021,Lenox Hill
"40.756913,-73.921631",11101,Astoria
"40.71219906,-73.97948148",10002,Lower East Side
"40.75724567911726,-73.97805914282799",10017,Midtown East
"40.663140000000006,-73.96056949999999",11225,Little Caribbean
"40.735640000000004,-73.95866",11222,Greenpoint
"40.7779453,-73.94604100000001",10128,Yorkville
"40.73827428,-73.98751968",10010,Gramercy Park
"40.70834698,-74.01713445",10280,Battery Park City
"40.68488,-73.96304",11238,Clinton Hill
"40.6902375,-73.99203074",11201,Boerum Hill
"40.8006721,-73.9349",10035,East Harlem
"40.72325,-73.94308000000001",11222,Greenpoint
"40.70706456,-74.00731853",10038,Financial District
"40.751581,-73.97791",10168,Murray Hill
"40.754120810779256,-73.98025184869765",10173,Midtown East
"40.6772744,-73.98282002",11215,Park Slope
"40.7546011026,-73.971878855",10017,Midtown East
"40.806979999999996,-73.94174699999999",10035,East Harlem
"40.777553742988864,-73.95512759685515",10028,Upper East Side
"40.768008893059466,-73.96845281124116",10065,Lenox Hill
"40.752165280621966,-73.97992193698882",10017,Midtown South
"40.6851532,-73.94111",11221,Bedford-Stuyvesant
"40.71334184275907,-74.00935515761375",10007,Tribeca
"40.7921,-73.9739",10025,Upper West Side
"40.76712840349542,-73.96224617958069",10065,Lenox Hill
"40.70140317257725,-73.98672670125961",11201,Downtown Brooklyn
"40.78948541553215,-73.9524292945862",10029,East Harlem
"40.732659999999996,-73.95826",11222,Greenpoint
"40.7535992020056,-73.9379560947418",11101,Dutch Kills
"40.80083629999999,-73.9664492472",10025,Bloomingdale
"40.71907891179564,-73.94223690032959",11222,Williamsburg
"40.79541210000001,-73.9441232",10029,East Harlem
"40.804213,-73.96699104",10025,Bloomingdale
"40.75500254,-73.98014437",10036,Midtown South
"40.69573398,-73.97129668",11205,Fort Greene
"40.77565541,-73.95068615",10028,Yorkville
"40.71117416,-74.00016545",10038,Two Bridges
"40.73232194,-73.9550858",11222,Greenpoint
"40.7739825,-73.93091340000001",11102,Astoria
"40.7713615,-73.9246145",11102,Astoria
"40.71929301,-73.94500379",11222,Williamsburg
"40.70569254,-74.01677685",10004,Battery Park City
"40.72146256229816,-73.94800901412964",11222,Greenpoint
"40.75206862,-73.96784384",10017,Midtown East
"40.680356084043396,-73.94767910242079",11216,Bedford-Stuyvesant
"40.72311651,-73.95212324",11222,Williamsburg
"40.71117444,-73.99682619",10038,Two Bridges
"40.6900815,-73.94791500000001",11216,Bedford-Stuyvesant
"40.671197799999995,-73.97484126",11215,Park Slope
"40.677774799999995,-74.0094613",11231,Red Hook
"40.666287,-73.98895053",11215,Park Slope
"40.77518615,-73.94446054",10028,Yorkville
"40.70224,-73.982578",11201,Downtown Brooklyn
"40.79456629999999,-73.9362541",10029,East Harlem
"40.69766564,-73.98476437",11201,Bridge Plaza
"40.678045000000004,-73.962408",11238,Crown Heights
"40.69072549,-73.95133465",11205,Bedford-Stuyvesant
"40.6769694,-73.96579",11238,Prospect Heights
"40.6630619,-73.95387459999999",11225,Prospect Lefferts Gardens
"40.7987859,-73.9523",10026,South Harlem
"40.7485,-73.941275",11101,Hunters Point
"40.6827549,-73.98258555",11217,Boerum Hill
"40.7699426,-73.96060712",10021,Lenox Hill
"40.6783563,-74.00014502",11231,Carroll Gardens
"40.78499979,-73.97283406",10024,Upper West Side
"40.75172632,-73.98753523",10018,Garment District
"40.69957608,-73.94708417",11206,Bedford-Stuyvesant
"40.70877084,-73.95095259",11211,Southside
"40.69363137,-73.96223558",11205,Clinton Hill
"40.666563000000004,-73.95674100000001",11225,Crown Heights
"40.7682,-73.9322662",11106,Astoria
"40.670483600000004,-73.98208968",11215,Park Slope
"40.71816969454208,-73.95520135760306",11211,Williamsburg
"40.686371,-73.99383324",11201,Boerum Hill
"40.7882213,-73.97041561",10024,Upper West Side
"40.666318100000005,-73.9854617",11215,Park Slope
"40.795,-73.9645",10025,Manhattan Valley
"40.6705135,-73.98876585",11215,Gowanus
"40.67909799721684,-73.98765474557877",11215,Gowanus
"40.6849894,-73.99440329",11231,Carroll Gardens
"40.7647,-73.9240312",11106,Astoria
"40.74966,-73.9521",11101,Hunters Point
"40.7552433,-73.94856779999999",11101,Dutch Kills
"40.790254173304184,-73.97718340158461",10024,Upper West Side
"40.71915571696044,-73.94885390996933",11222,Williamsburg
"40.71406667,-73.99293911",10002,Chinatown
"40.7997568,-73.9621128676",10025,Manhattan Valley
"40.77163851,-73.98261428",10023,Lincoln Square
"40.7729,-73.91614200000001",11105,Ditmars Steinway
"40.75763227739443,-73.9693057537079",10022,Midtown East
"40.676519799999994,-73.9596082",11238,Crown Heights
"40.805159,-73.95469200000001",10026,South Harlem
"40.78839,-73.9747",10024,Upper West Side
"40.7149787,-74.013012",10007,Tribeca
"40.71076228,-73.99400398",10002,Two Bridges
"40.746745000000004,-74.007756",10011,Chelsea
"40.71036854235229,-73.94705951213838",11206,Southside
"40.76087502,-74.00277668",10018,Midtown Manhattan
"40.6809591,-73.99905709",11231,Carroll Gardens
"40.77677702,-73.95900970000001",10028,Upper East Side
"40.70037867,-73.99548059",11201,Brooklyn Heights
"40.801486600000004,-73.9442507",10035,East Harlem
"40.675070500000004,-73.98775226",11215,Gowanus
"40.71782143,-73.97628939",10002,Lower East Side
"40.6828003,-73.99990419",11231,Carroll Gardens
"40.71260486,-73.96264403",11249,South Williamsburg
"40.7652654,-73.98192338",10019,Midtown West
"40.6917823,-73.97372990000001",11201,Fort Greene
"40.7692475,-73.93545040000001",11106,Astoria
"40.70255065,-74.0127234",10004,Financial District
"40.692418292578466,-73.98949474096298",11201,Downtown Brooklyn
"40.802926299999996,-73.9379",10035,East Harlem
"40.74718234,-73.9432635",11101,Hunters Point
"40.76873687,-73.96119945",10021,Lenox Hill
"40.70870368,-73.9448625",11206,Southside
"40.7974772,-73.9311847",10035,East Harlem
"40.77282817,-73.96685276",10021,Lenox Hill
"40.68676793,-73.95928168",11238,Bedford-Stuyvesant
"40.6758324,-73.95616770000001",11238,Crown Heights
"40.8078316,-73.949373",10027,South Harlem
"40.75714758,-73.97207836",10022,Midtown East
"40.69527008,-73.95238108",11206,Bedford-Stuyvesant
"40.686312,-73.935775",11221,Bedford-Stuyvesant
"40.6786115,-73.99037292",11231,Gowanus
"40.7169811,-73.94485918",11211,Williamsburg
"40.72580614,-73.97422494",10009,East Village
"40.75992262,-73.97648516",10019,Midtown West
"40.71173107,-73.99193043",10002,Two Bridges
"40.6765304,-73.97846879",11217,Park Slope
"40.663779,-73.98396846",11215,Park Slope
"40.7277140777778,-74.01129573583603",10014,Lower Manhattan
"40.70530954,-74.00612572",10270,Financial District
"40.74096374,-73.98602213",10010,Flatiron District
"40.6737236,-73.9631611",11238,Prospect Heights
"40.684568299999995,-73.95881081",11238,Bedford-Stuyvesant
"40.672695000000004,-73.954131",11216,Crown Heights
"40.802535,-73.9532423",10026,South Harlem
"40.71926081,-73.98178024",10002,Lower East Side
"40.78339981,-73.98093133",10024,Upper West Side
"40.74708586,-73.94977234",11101,Hunters Point
"40.75110165,-73.94073717",11101,Dutch Kills
"40.68691865,-73.976682",11217,Fort Greene
"40.69608941,-73.97803415",11205,Fort Greene
"40.716887,-73.96319799999999",11249,Williamsburg
"40.75527307,-73.98316936",10036,Midtown South
"40.6763744,-74.00324957",11231,Red Hook
"40.75971079999999,-73.97402311",10022,Midtown East
"40.71766197083994,-73.94880026578903",11211,Williamsburg
"40.72430527250332,-73.99600982666016",10012,Lower Manhattan
"40.76108,-73.930562",11106,Astoria
"40.73181401720966,-73.95995020866394",11222,Greenpoint
"40.69839895,-73.98068914",11201,Downtown Brooklyn
"40.71924,-73.95241999999999",11222,Williamsburg
"40.76341379,-73.99667444",10036,Hell's Kitchen
"40.7076449441757,-73.96841526031494",11249,Southside
"40.6894932,-73.942061",11221,Bedford-Stuyvesant
"40.8011939,-73.9500739",10026,South Harlem
"40.777507027547976,-73.98888587951659",10069,Lincoln Square
"40.67890679,-73.94142771",11216,Bedford-Stuyvesant
"40.78720869,-73.98128127",10024,Upper West Side
"40.75299641,-73.98721619",10018,Garment District
"40.8025566,-73.9490782",10026,South Harlem
"40.675146838709786,-73.9752320945263",11217,Park Slope
"40.7031724,-73.940636",11206,Southside
"40.76132983124814,-73.97982001304626",10019,Theater District
"40.798185600000004,-73.96059090060001",10025,Manhattan Valley
"40.67759206937376,-73.95563721656801",11238,Crown Heights
"40.697842,-73.926241",11221,Bushwick
"40.71911552,-74.00666661",10013,Tribeca
"40.70463334,-74.01361706",10004,Financial District
"40.81028506306003,-73.95736455917357",10026,Upper Manhattan
"40.67038370000001,-73.97839676",11215,Park Slope
"40.700003,-73.92834",11237,Bushwick
"40.68223166,-73.9614583",11238,Clinton Hill
"40.6747055,-74.00755720000001",11231,Red Hook
"40.66906013501107,-73.99463653564453",11215,Gowanus
"40.781410700190015,-73.95595908164978",10128,Carnegie Hill
"40.65539977447831,-74.0106278657913",11232,Greenwood Heights
"40.793134809866636,-73.97700369358063",10025,Upper West Side
"40.6849668,-73.98620772",11217,Boerum Hill
"40.71748752,-74.0104554",10013,Tribeca
"40.68199044270703,-73.99079024791719",11217,Gowanus
"40.6793307,-73.97519523",11217,Park Slope
"40.680611,-73.99475825",11231,Carroll Gardens
"40.785785100000005,-73.957481",10128,Central Park West Historic District
"40.6853761,-73.98302136",11217,Boerum Hill
"40.6881529,-73.99520919",11201,Cobble Hill
"40.7969347,-73.9643412291",10025,Manhattan Valley
"40.7577284,-73.9166368",11103,Astoria
"40.686175799999994,-73.99645295",11201,Cobble Hill
"40.714690000000004,-73.95739",11211,Williamsburg
"40.8125511,-73.9492286",10027,West Harlem
"40.787721399999995,-73.94728331",10029,East Harlem
"40.68683208,-73.9796772",11217,Downtown Brooklyn
"40.677236,-74.015665",11231,Red Hook
"40.682601,-73.938037",11216,Stuyvesant Heights
"40.69535693320225,-73.99344027042389",11201,Brooklyn Heights
"40.713229999999996,-73.93894",11211,East Williamsburg
"40.670776700000005,-73.9576801",11216,Crown Heights
"40.751047,-73.93796999999999",11101,Dutch Kills
"40.77037429999999,-73.9286078",11102,Astoria
"40.7656251,-73.9136695",11103,Astoria
"40.7904828,-73.95033068",10029,East Harlem
"40.67434,-74.00194698",11231,Red Hook
"40.75097711,-73.98765428",10018,Garment District
"40.681211700000006,-74.00860912",11231,Red Hook
"40.69064807082943,-73.95746178925037",11238,Bedford-Stuyvesant
"40.7746671,-73.98470567",10023,Lincoln Square
"40.7595701,-73.91426779999999",11103,Astoria
"40.8005385,-73.9419949",10035,East Harlem
"40.807559999999995,-73.93918199999999",10035,East Harlem
"40.69795031569544,-73.97077560424805",11205,Brooklyn Navy Yard
"40.67943270000001,-74.00785041",11231,Red Hook
"40.8013434,-73.97114574390001",10025,Bloomingdale
"40.79343370000001,-73.94945003",10029,East Harlem
"40.752708500000004,-73.9397405",11101,Dutch Kills
"40.70853074,-73.96408963",11211,Southside
"40.70277159,-73.99383605",11201,Fulton Ferry District
"40.675832943912894,-74.01472628116608",11231,Red Hook
"40.67761470000001,-73.97324283",11217,Park Slope
"40.75455731,-73.96592976",10022,Midtown East
"40.813358,-73.956461",10027,Morningside Heights
"40.69102925677968,-73.99183362722397",11201,Brooklyn Heights
"40.6753274,-74.0100698",11231,Red Hook
"40.683116399999996,-73.99785267",11231,Carroll Gardens
"40.8120562,-73.9612547",10027,Morningside Heights
"40.6769993,-74.00647134",11231,Red Hook
"40.693398200000004,-73.939877",11221,Bedford-Stuyvesant
"40.7557327,-73.92366109999999",11101,Astoria
"40.69383,-73.990539",11201,Brooklyn Heights
"40.795508,-73.94160600000001",10029,East Harlem
"40.76780080148132,-73.96592080593109",10065,Lenox Hill
"40.786258600000004,-73.94552579",10029,East Harlem
"40.67418060000001,-73.95649470000001",11216,Crown Heights
"40.69622937,-73.94371094",11206,Bedford-Stuyvesant
"40.6830456,-74.00348559",11231,Columbia Street Waterfront District
"40.77632142182271,-73.96427392959596",10021,Upper East Side
"40.745038,-73.957539",11109,Hunters Point
"40.748000000000005,-73.94609270000001",11101,Hunters Point
"40.670492200000005,-73.98541675",11215,Park Slope
"40.763154,-73.920827",11106,Astoria
"40.67469570000001,-73.99785768",11231,Carroll Gardens
"40.805973,-73.964928",10025,Morningside Heights
"40.68539567,-73.97431458",11217,Fort Greene
"40.6804836,-73.9646795",11238,Prospect Heights
"40.6777287,-73.99364123",11231,Gowanus
"40.81,-73.9551508",10026,Upper Manhattan
"40.6800105,-73.938475",11216,Bedford-Stuyvesant
"40.765834600000005,-73.9265474",11106,Astoria
"40.7675487799971,-73.92093345522879",11102,Astoria
"40.763875299999995,-73.9364848",11106,Astoria
"40.74336608027021,-73.95960688591003",11101,Hunters Point
"40.70510918,-73.94407279",11206,Southside
"40.72185379,-74.00771779",10013,Tribeca
"40.71413311,-73.95234386",11211,Williamsburg
"40.67919439999999,-73.95879029999999",11238,Crown Heights
"40.6795766,-73.97854971",11217,Park Slope
"40.69165183,-73.99997859999999",11201,Columbia Street Waterfront District
"40.6773429,-74.01275056",11231,Red Hook
"40.7691572,-73.96703464",10065,Lenox Hill
"40.67260298150126,-73.98983001708984",11215,Gowanus
"40.70365182,-74.01167797",10004,Financial District
"40.761584,-73.925921",11106,Astoria
"40.804372,-73.951475",10026,South Harlem
"40.74232744,-73.95411749",11101,Hunters Point
"40.6724811,-73.99331394",11215,Gowanus
"40.8067581,-73.9607082",10027,Morningside Heights
"40.715353,-73.93856",11211,East Williamsburg
"40.666439306870814,-73.96055638790129",11225,Crown Heights
"40.684020000000004,-73.94977",11216,Bedford-Stuyvesant
"40.6627059,-73.9569115",11225,Prospect Lefferts Gardens
"40.8086249,-73.9596214",10027,Morningside Heights
"40.6686744,-73.9618148",11225,Crown Heights
"40.68833370000001,-73.950916",11216,Bedford-Stuyvesant
"40.713811,-73.93515",11211,East Williamsburg
"40.704508000000004,-73.9351",11206,East Williamsburg
"40.668603000000004,-73.99043940000001",11215,Gowanus
"40.668127,-73.98377641",11215,Park Slope
"40.702013,-73.923769",11237,Bushwick
"40.70708701,-73.95796783",11211,South Williamsburg
"40.69794,-73.96986848",11205,Brooklyn Navy Yard
"40.67267243410948,-74.00879524648191",11231,Red Hook
"40.81439443791581,-73.95324736833571",10027,West Harlem
"40.752957,-74.00264",10001,Chelsea
"40.760339,-73.9222427",11106,Astoria
"40.6999974843885,-73.97440128028394",11205,Brooklyn Navy Yard
"40.7519071,-73.94791190000001",11101,Hunters Point
"40.7437524099784,-73.94176483154297",11101,Hunters Point
"40.6679411,-73.9588",11225,Crown Heights
"40.702996999999996,-73.92997",11237,Bushwick
"40.771152799999996,-73.9170074",11102,Ditmars Steinway
"40.75052534,-73.94594845",11101,Hunters Point
"40.686931,-74.016966",11231,Governors Island
"40.706237,-73.933871",11206,East Williamsburg
"40.70531194,-73.97100056",11249,Brooklyn Navy Yard
"40.69231660719192,-74.01486575603484",11231,Governors Island
"40.65708866668485,-74.00870203971863",11232,Greenwood Heights
"40.7747175,-73.93378940000001",11102,Astoria
"40.710681,-73.93372",11206,East Williamsburg
"40.68461653897949,-73.98721285164356",11217,Boerum Hill
"40.68512559515415,-74.02535319328308",11231,Governors Island
"40.75742,-73.945133",11101,Dutch Kills
"40.7576314,-73.9391224",11101,Dutch Kills
"40.74128309355993,-73.93725872039794",11101,Long Island City
"40.672505799999996,-74.00494695",11231,Red Hook
"40.707174,-73.93581",11206,East Williamsburg
"40.760185299999996,-73.9362726",11106,Astoria
"40.698568,-73.918877",11237,Bushwick
"40.67363551341504,-74.01195555925368",11231,Red Hook
"40.6642406,-73.9574686",11225,Crown Heights
"40.710190000000004,-73.93734",11206,East Williamsburg
"40.66979964220026,-73.99497985839844",11215,Gowanus
"40.73492695,-73.99200509",10003,Greenwich Village
"40.751396,-74.00522600000001",10001,Chelsea
"40.7003,-73.99158100000001",11201,Brooklyn Heights
"40.69985,-73.97140999999999",11205,Brooklyn Navy Yard
"40.70539,-73.92976",11237,East Williamsburg
"40.699304,-73.92304399999999",11237,Bushwick
"40.732690000000005,-73.98974",10003,East Village
"40.7027,-73.92095",11237,Bushwick
"40.74177603,-74.00149746",10011,Chelsea
"40.698458,-73.997178",11201,Brooklyn Heights
"40.704876,-73.919911",11237,Bushwick
"40.74317449,-74.00366443",10011,Chelsea
"40.71644423134479,-73.9823305606842",10002,Lower East Side
"40.70838,-74.00495",10038,Financial District
"40.671907,-73.993612",11215,Gowanus
"40.732339777151054,-73.97898383438587",10009,Stuyvesant Town-Peter Cooper Village
"40.75066386,-74.00176802",10001,Chelsea
"40.68186,-73.95943199999999",11238,Clinton Hill
"40.74964,-73.98805",10120,Midtown South
"40.752269,-73.982079",10018,Midtown South
"40.665816,-73.95693399999999",11225,Crown Heights
"40.702461,-73.98684200000001",11201,Dumbo
"40.75934501,-73.96759673",10022,Midtown East
"40.789621999999994,-73.97757",10024,Upper West Side
"40.72456089,-73.99565293",10012,Nolita
"40.763201,-73.97845799999999",10019,Midtown West
"40.782593,-73.971211",10024,Central Park West Historic District
"40.763189000000004,-73.978434",10019,Midtown West
"40.776173,-73.959757",10075,Upper East Side
"40.77485,-73.9342",11102,Astoria
"40.7849032,-73.950503",10128,Carnegie Hill
"40.75645824,-73.99372222",10018,Garment District
"40.734814,-73.992085",10003,Greenwich Village
"40.69502,-73.92825",11221,Bushwick
"40.700759999999995,-73.93641",11206,Bushwick
"40.70106,-73.93318000000001",11206,Bushwick
"40.700990000000004,-73.93921",11206,Williamsburg
"40.73124,-73.95161",11222,Greenpoint
"40.716657,-73.93637",11211,East Williamsburg
"40.69757,-73.93098",11221,Bushwick
"40.72984,-73.94839",11222,Greenpoint
"40.717729999999996,-73.94051",11211,East Williamsburg
"40.70686,-73.92851",11237,East Williamsburg
"40.733959999999996,-73.95204",11222,Greenpoint
"40.714290000000005,-73.93323000000001",11211,East Williamsburg
"40.7162469,-74.0334588",7302,Colgate Center
"40.7141454,-74.0335519",7302,Colgate Center
"40.728744799999994,-74.03210820000001",7310,Newport
"40.71653978099194,-74.0496379137039",7302,Historic Downtown
"40.748715945380226,-74.04044330120088",7307,The Heights
"40.71517767732029,-74.03768330812454",7302,Paulus Hook
"40.70965083364061,-74.0686011314392",7304,Bergen-Lafayette
"40.759030082196055,-73.9938586950302",10036,Hell's Kitchen
"40.71835519823214,-74.03891444206238",7302,The Waterfront
"40.7242941,-74.0354826",7310,Hudson Exchange
"40.73520838045357,-74.04696375131606",7310,Historic Downtown
"40.71848892,-74.047726625",7302,Van Vorst Park
"40.717732500000004,-74.04384499999999",7302,Van Vorst Park
"40.727595965999996,-74.044247311",7302,Hamilton Park
"40.73089709786179,-74.06391263008119",7306,Journal Square
"40.733670000000004,-74.0625",7306,Journal Square
"40.742677141,-74.051788633",7307,The Heights
"40.7241765,-74.05065640000001",7302,The Village
"40.71942,-74.05099",7302,Historic Downtown
"40.7124188237569,-74.03852552175522",7302,The Waterfront
"40.71458403535893,-74.04281705617905",7302,The Waterfront
"40.72528910781132,-74.04557168483734",7302,Harsimus Cove
"40.7272235,-74.03375890000001",7310,Newport
"40.72568548362901,-74.0487903356552",7302,The Village
"40.7311689,-74.0575736",7306,Journal Square
"40.71649,-74.04105",7302,Paulus Hook
"40.71925170000001,-74.034234",7302,Exchange Place North
"40.71821129999999,-74.08363940000001",7304,West Side
"40.6716493,-73.9631145",11238,Prospect Heights
"40.6610633719006,-73.97945255041121",11215,Prospect Park West
"40.76590936,-73.97634151",10019,Central Park South
"40.76350532,-73.97109243",10022,Midtown East
"40.799484,-73.955613",10026,Central Park North
"40.684751399999996,-73.99917254",11231,Carroll Gardens
"40.697787,-73.973736",11205,Clinton Hill
"40.795346,-73.96186",10025,Central Park West
"40.794066608185524,-73.96286845207214",10025,Central Park West
"40.705517,-73.93936",11206,Southside
"40.707165,-73.923711",11237,Bushwick
"40.709897,-73.94008000000001",11206,East Williamsburg
"40.702831,-73.9333",11206,East Williamsburg
"40.704425,-73.92836",11237,Bushwick
"40.711242299999995,-74.0557013",7304,Liberty State Park